Date,ATM_IV,Event_Impact_Score,IVP,PCR,IV_Skew,FII_Derivative_Positioning,VIX,Days_to_Expiry,5_Day_Historical_RV,Next_5_Day_RV
2025-05-20,16.80,1,77.91,0.61,5.00,-23498,17.40,2,28.19,31.50
2025-05-19,16.70,0,77.00,0.60,4.80,-22500,17.20,3,28.00,27.60
2025-05-16,17.10,0,78.90,0.64,5.30,-24000,17.70,6,28.40,27.90
2025-05-15,16.90,1,77.80,0.62,5.00,-23000,17.50,0,28.80,32.20
2025-05-14,17.40,0,80.10,0.65,5.20,-21500,18.00,1,28.30,28.80
2025-05-13,16.20,0,74.70,0.56,4.90,-26000,16.80,2,27.50,27.00
2025-05-12,16.50,1,76.50,0.58,4.70,-25000,17.10,3,28.00,31.10
2025-05-09,17.30,0,79.50,0.67,5.50,-22000,17.90,6,28.50,28.30
2025-05-08,16.70,0,77.00,0.60,4.80,-24000,17.30,0,28.10,27.70
2025-05-07,17.00,1,78.50,0.63,5.10,-23000,17.60,1,27.60,31.30
2025-05-06,16.40,0,75.60,0.57,4.90,-26000,16.90,2,27.90,27.40
2025-05-05,16.60,0,76.60,0.59,4.70,-22000,17.20,3,28.30,27.80
2025-05-02,17.20,1,79.20,0.65,5.20,-24500,17.80,6,28.70,31.90
2025-05-01,16.80,0,77.70,0.61,4.80,-23500,17.40,0,29.00,28.40
2025-04-30,17.50,0,80.50,0.66,5.40,-21000,18.10,1,28.50,29.10
2025-04-29,16.30,2,75.40,0.58,4.90,-25500,16.90,2,27.70,34.00
2025-04-28,16.70,0,77.00,0.60,4.80,-22500,17.20,3,28.10,27.70
2025-04-25,17.10,0,78.90,0.64,5.30,-24000,17.70,6,28.50,28.00
2025-04-24,16.90,1,77.80,0.62,5.00,-23000,17.50,0,28.90,32.30
2025-04-23,17.40,0,80.10,0.65,5.20,-21500,18.00,1,28.40,28.90
2025-04-22,16.20,0,74.70,0.56,4.90,-26000,16.80,2,27.60,27.10
2025-04-21,16.50,1,76.50,0.58,4.70,-25000,17.10,3,28.10,31.20
2025-04-18,17.30,0,79.50,0.67,5.50,-22000,17.90,6,28.60,28.40
2025-04-17,16.70,0,77.00,0.60,4.80,-24000,17.30,0,28.20,27.80
2025-04-16,17.00,1,78.50,0.63,5.10,-23000,17.60,1,27.70,31.40
2025-04-15,16.40,0,75.60,0.57,4.90,-26000,16.90,2,28.00,27.50
2025-04-14,16.60,0,76.60,0.59,4.70,-22000,17.20,3,28.40,27.90
2025-04-11,17.20,1,79.20,0.65,5.20,-24500,17.80,6,28.80,32.00
2025-04-10,16.80,0,77.70,0.61,4.80,-23500,17.40,0,29.10,28.50
2025-04-09,17.50,0,80.50,0.66,5.40,-21000,18.10,1,28.60,29.20
2025-04-08,16.30,2,75.40,0.58,4.90,-25500,16.90,2,27.80,34.10
2025-04-07,16.70,0,77.00,0.60,4.80,-22500,17.20,3,28.20,27.80
2025-04-04,17.10,0,78.90,0.64,5.30,-24000,17.70,6,28.60,28.10
2025-04-03,16.90,1,77.80,0.62,5.00,-23000,17.50,0,29.00,32.40
2025-04-02,17.40,0,80.10,0.65,5.20,-21500,18.00,1,28.50,29.00
2025-04-01,16.20,0,74.70,0.56,4.90,-26000,16.80,2,27.70,27.20
2025-03-31,16.50,1,76.50,0.58,4.70,-25000,17.10,3,28.20,31.30
2025-03-28,17.30,0,79.50,0.67,5.50,-22000,17.90,6,28.70,28.50
2025-03-27,16.70,0,77.00,0.60,4.80,-24000,17.30,0,28.30,27.90
2025-03-26,17.00,1,78.50,0.63,5.10,-23000,17.60,1,27.80,31.50
2025-03-25,16.40,0,75.60,0.57,4.90,-26000,16.90,2,28.10,27.60
2025-03-24,16.60,0,76.60,0.59,4.70,-22000,17.20,3,28.50,28.00
2025-03-21,17.20,1,79.20,0.65,5.20,-24500,17.80,6,28.90,32.10
2025-03-20,16.80,0,77.70,0.61,4.80,-23500,17.40,0,29.20,28.60
2025-03-19,17.50,0,80.50,0.66,5.40,-21000,18.10,1,28.70,29.30
2025-03-18,16.30,2,75.40,0.58,4.90,-25500,16.90,2,27.90,34.20
2025-03-17,16.70,0,77.00,0.60,4.80,-22500,17.20,3,28.40,27.90
2025-03-14,17.10,0,78.90,0.64,5.30,-24000,17.70,6,28.80,28.20
2025-03-13,16.90,1,77.80,0.62,5.00,-23000,17.50,0,29.10,32.50
2025-03-12,17.40,0,80.10,0.65,5.20,-21500,18.00,1,28.60,29.10
2025-03-11,16.20,0,74.70,0.56,4.90,-26000,16.80,2,27.80,27.30
2025-03-10,16.50,1,76.50,0.58,4.70,-25000,17.10,3,28.30,31.40
2025-03-07,17.30,0,79.50,0.67,5.50,-22000,17.90,6,28.90,28.60
2025-03-06,16.70,0,77.00,0.60,4.80,-24000,17.30,0,28.50,28.00
2025-03-05,17.00,1,78.50,0.63,5.10,-23000,17.60,1,28.10,31.70
2025-03-04,16.40,0,75.60,0.57,4.90,-26000,16.90,2,27.90,27.50
2025-03-03,16.60,0,76.60,0.59,4.60,-22500,17.30,3,28.30,27.90
2025-02-28,17.20,1,79.20,0.66,5.40,-24500,17.80,6,28.70,32.00
2025-02-27,16.80,0,77.70,0.61,4.70,-23500,17.40,0,29.00,28.50
2025-02-26,17.50,0,80.50,0.64,5.30,-21000,18.00,1,28.80,29.20
2025-02-25,16.30,2,75.40,0.60,5.00,-25000,17.00,2,28.20,34.50
2025-02-24,16.90,0,77.80,0.62,4.90,-23000,17.50,3,28.50,28.10
2025-02-21,17.10,0,78.90,0.65,5.20,-24000,17.60,6,28.00,27.80
2025-02-20,16.50,1,76.50,0.58,4.80,-22000,17.20,0,27.80,31.25
2025-02-19,17.80,0,81.00,0.68,6.10,-20000,18.50,1,29.00,29.50
2025-02-18,17.00,0,78.00,0.63,5.50,-22000,17.60,2,28.00,28.00
2025-02-17,16.40,1,75.00,0.59,4.90,-24000,17.00,3,27.50,30.50
2025-02-14,17.20,0,79.00,0.66,5.80,-21500,17.80,6,28.70,28.20
2025-02-13,16.60,0,76.00,0.60,5.00,-23500,17.10,0,28.00,27.60
2025-02-12,17.50,1,80.00,0.67,6.00,-20500,18.10,1,28.90,32.00
2025-02-11,16.10,0,74.00,0.57,4.80,-25500,16.70,2,27.30,27.00
2025-02-10,16.90,0,77.50,0.62,5.30,-23000,17.40,3,28.30,27.80
2025-02-07,17.00,1,78.00,0.63,5.50,-22000,17.60,6,28.50,31.00
2025-02-06,16.40,0,75.00,0.59,4.90,-24000,17.00,0,27.80,27.50
2025-02-05,17.30,0,79.50,0.66,5.80,-21000,17.90,1,28.80,28.40
2025-02-04,16.00,2,73.50,0.56,4.70,-25000,16.50,2,27.20,33.50
2025-02-03,16.80,0,77.00,0.61,5.20,-22500,17.30,3,28.20,27.70
2025-01-31,17.10,0,78.50,0.64,5.60,-21500,17.70,6,28.60,28.10
2025-01-30,16.50,1,75.50,0.59,4.80,-23500,17.00,0,27.90,30.80
2025-01-29,17.40,0,79.00,0.67,5.90,-20000,18.00,1,29.00,28.50
2025-01-28,16.20,0,74.50,0.58,4.90,-24500,16.80,2,27.40,27.20
2025-01-27,16.60,0,76.50,0.60,5.10,-23000,17.20,3,28.10,27.90
2025-01-24,17.00,1,78.00,0.63,5.50,-22000,17.60,6,28.50,31.00
2025-01-23,16.40,0,75.00,0.59,4.90,-24000,17.00,0,27.80,27.50
2025-01-22,17.30,0,79.50,0.66,5.80,-21000,17.90,1,28.80,28.40
2025-01-21,16.00,2,73.50,0.56,4.70,-25000,16.50,2,27.20,33.50
2025-01-20,16.80,0,77.00,0.61,5.20,-22500,17.30,3,28.20,27.70
2025-01-17,17.10,0,78.50,0.64,5.60,-21500,17.70,6,28.60,28.10
2025-01-16,16.50,1,75.50,0.59,4.80,-23500,17.00,0,27.90,30.80
2025-01-15,17.40,0,79.00,0.67,5.90,-20000,18.00,1,29.00,28.50
2025-01-14,16.20,0,74.50,0.58,4.90,-24500,16.80,2,27.40,27.20
2025-01-13,16.60,0,76.50,0.60,5.10,-23000,17.20,3,28.10,27.90
2025-01-10,17.00,1,78.00,0.63,5.50,-22000,17.60,6,28.50,31.00
2025-01-09,16.40,0,75.00,0.59,4.90,-24000,17.00,0,27.80,27.50
2025-01-08,17.30,0,79.50,0.66,5.80,-21000,17.90,1,28.80,28.40
2025-01-07,16.00,2,73.50,0.56,4.70,-25000,16.50,2,27.20,33.50
2025-01-06,16.80,0,77.00,0.61,5.20,-22500,17.30,3,28.20,27.70
2025-01-03,17.10,0,78.50,0.64,5.60,-21500,17.70,6,28.60,28.10
2025-01-02,16.50,1,75.50,0.59,4.80,-23500,17.00,0,27.90,30.80
2025-01-01,17.40,0,79.00,0.67,5.90,-20000,18.00,1,29.00,28.50
2024-12-31,16.20,0,74.50,0.58,4.90,-24500,16.80,2,27.40,27.20
2024-12-30,16.60,0,76.50,0.60,5.10,-23000,17.20,3,28.10,27.90
2024-12-27,17.00,1,78.00,0.63,5.50,-22000,17.60,6,28.50,31.00
2024-12-26,16.40,0,75.00,0.59,4.90,-24000,17.00,0,27.80,27.50
2024-12-24,17.30,0,79.50,0.66,5.80,-21000,17.90,1,28.80,28.40
2024-12-23,16.00,2,73.50,0.56,4.70,-25000,16.50,2,27.20,33.50
2024-12-20,16.80,0,77.00,0.61,5.20,-22500,17.30,3,28.20,27.70
2024-12-19,17.10,0,78.50,0.64,5.60,-21500,17.70,6,28.60,28.10
2024-12-18,16.50,1,75.50,0.59,4.80,-23500,17.00,0,27.90,30.80
2024-12-17,17.40,0,79.00,0.67,5.90,-20000,18.00,1,29.00,28.50
2024-12-16,16.20,0,74.50,0.58,4.90,-24500,16.80,2,27.40,27.20
2024-12-13,16.60,0,76.50,0.60,5.10,-23000,17.20,3,28.10,27.90
2024-12-12,17.00,1,78.00,0.63,5.50,-22000,17.60,6,28.50,31.00
2024-12-11,16.40,0,75.00,0.59,4.90,-24000,17.00,0,27.80,27.50
2024-12-10,17.30,0,79.50,0.66,5.80,-21000,17.90,1,28.80,28.40
2024-12-09,16.00,2,73.50,0.56,4.70,-25000,16.50,2,27.20,33.50
2024-12-06,16.80,0,77.00,0.61,5.20,-22500,17.30,3,28.20,27.70
2024-12-05,17.10,0,78.50,0.64,5.60,-21500,17.70,6,28.60,28.10
2024-12-04,16.50,1,75.50,0.59,4.80,-23500,17.00,0,27.90,30.80
2024-12-03,17.40,0,79.00,0.67,5.90,-20000,18.00,1,29.00,28.50
2024-12-02,16.20,0,74.50,0.58,4.90,-24500,16.80,2,27.40,27.20
2024-11-29,16.60,0,76.50,0.60,5.10,-23000,17.20,3,28.10,27.90
2024-11-28,17.00,1,78.00,0.63,5.50,-22000,17.60,6,28.50,31.00
2024-11-27,16.40,0,75.00,0.59,4.90,-24000,17.00,0,27.80,27.50
2024-11-26,17.30,0,79.50,0.66,5.80,-21000,17.90,1,28.80,28.40
2024-11-25,16.00,2,73.50,0.56,4.70,-25000,16.50,2,27.20,33.50
2024-11-22,16.80,0,77.00,0.61,5.20,-22500,17.30,3,28.20,27.70
2024-11-21,17.10,0,78.50,0.64,5.60,-21500,17.70,6,28.60,28.10
2024-11-20,16.50,1,75.50,0.59,4.80,-23500,17.00,0,27.90,30.80
2024-11-19,17.40,0,79.00,0.67,5.90,-20000,18.00,1,29.00,28.50
2024-11-18,16.20,0,74.50,0.58,4.90,-24500,16.80,2,27.40,27.20
2024-11-15,16.60,0,76.50,0.60,5.10,-23000,17.20,3,28.10,27.90
2024-11-14,17.00,1,78.00,0.63,5.50,-22000,17.60,6,28.50,31.00
2024-11-13,16.40,0,75.00,0.59,4.90,-24000,17.00,0,27.80,27.50
2024-11-12,17.30,0,79.50,0.66,5.80,-21000,17.90,1,28.80,28.40
2024-11-11,16.00,2,73.50,0.56,4.70,-25000,16.50,2,27.20,33.50
2024-11-08,16.80,0,77.00,0.61,5.20,-22500,17.30,3,28.20,27.70
2024-11-07,17.10,0,78.50,0.64,5.60,-21500,17.70,6,28.60,28.10
2024-11-06,16.50,1,75.50,0.59,4.80,-23500,17.00,0,27.90,30.80
2024-11-05,17.40,0,79.00,0.67,5.90,-20000,18.00,1,29.00,28.50
2024-11-04,16.20,0,74.50,0.58,4.90,-24500,16.80,2,27.40,27.20
2024-11-01,16.60,0,76.50,0.60,5.10,-23000,17.20,3,28.10,27.90
2024-10-31,17.00,1,78.00,0.63,5.50,-22000,17.60,6,28.50,31.00
2024-10-30,16.40,0,75.00,0.59,4.90,-24000,17.00,0,27.80,27.50
2024-10-29,17.30,0,79.50,0.66,5.80,-21000,17.90,1,28.80,28.40
2024-10-28,16.00,2,73.50,0.56,4.70,-25000,16.50,2,27.20,33.50
2024-10-25,16.80,0,77.00,0.61,5.20,-22500,17.30,3,28.20,27.70
2024-10-24,17.10,0,78.50,0.64,5.60,-21500,17.70,6,28.60,28.10
2024-10-23,16.50,1,75.50,0.59,4.80,-23500,17.00,0,27.90,30.80
2024-10-22,17.40,0,79.00,0.67,5.90,-20000,18.00,1,29.00,28.50
2024-10-21,16.20,0,74.50,0.58,4.90,-24500,16.80,2,27.40,27.20
2024-10-18,16.60,0,76.50,0.60,5.10,-23000,17.20,3,28.10,27.90
2024-10-17,17.00,1,78.00,0.63,5.50,-22000,17.60,6,28.50,31.00
2024-10-16,16.40,0,75.00,0.59,4.90,-24000,17.00,0,27.80,27.50
2024-10-15,17.30,0,79.50,0.66,5.80,-21000,17.90,1,28.80,28.40
2024-10-14,16.00,2,73.50,0.56,4.70,-25000,16.50,2,27.20,33.50
2024-10-11,16.80,0,77.00,0.61,5.20,-22500,17.30,3,28.20,27.70
2024-10-10,17.10,0,78.50,0.64,5.60,-21500,17.70,6,28.60,28.10
2024-10-09,16.50,1,75.50,0.59,4.80,-23500,17.00,0,27.90,30.80
2024-10-08,17.40,0,79.00,0.67,5.90,-20000,18.00,1,29.00,28.50
2024-10-07,16.20,0,74.50,0.58,4.90,-24500,16.80,2,27.40,27.20
2024-10-04,16.60,0,76.50,0.60,5.10,-23000,17.20,3,28.10,27.90
2024-10-03,17.00,1,78.00,0.63,5.50,-22000,17.60,6,28.50,31.00
2024-10-02,16.40,0,75.00,0.59,4.90,-24000,17.00,0,27.80,27.50
2024-10-01,17.30,0,79.50,0.66,5.80,-21000,17.90,1,28.80,28.40
2024-09-30,16.00,2,73.50,0.56,4.70,-25000,16.50,2,27.20,33.50
2024-09-27,16.80,0,77.00,0.61,5.20,-22500,17.30,3,28.20,27.70
2024-09-26,17.10,0,78.50,0.64,5.60,-21500,17.70,6,28.60,28.10
2024-09-25,16.50,1,75.50,0.59,4.80,-23500,17.00,0,27.90,30.80
2024-09-24,17.40,0,79.00,0.67,5.90,-20000,18.00,1,29.00,28.50
2024-09-23,16.20,0,74.50,0.58,4.90,-24500,16.80,2,27.40,27.20
2024-09-20,16.60,0,76.50,0.60,5.10,-23000,17.20,3,28.10,27.90
2024-09-19,17.00,1,78.00,0.63,5.50,-22000,17.60,6,28.50,31.00
2024-09-18,16.40,0,75.00,0.59,4.90,-24000,17.00,0,27.80,27.50
2024-09-17,17.30,0,79.50,0.66,5.80,-21000,17.90,1,28.80,28.40
2024-09-16,16.00,2,73.50,0.56,4.70,-25000,16.50,2,27.20,33.50
2024-09-13,16.80,0,77.00,0.61,5.20,-22500,17.30,3,28.20,27.70
2024-09-12,17.10,0,78.50,0.64,5.60,-21500,17.70,6,28.60,28.10
2024-09-11,16.50,1,75.50,0.59,4.80,-23500,17.00,0,27.90,30.80
2024-09-10,17.40,0,79.00,0.67,5.90,-20000,18.00,1,29.00,28.50
2024-09-09,16.20,0,74.50,0.58,4.90,-24500,16.80,2,27.40,27.20
2024-09-06,16.60,0,76.50,0.60,5.10,-23000,17.20,3,28.10,27.90
2024-09-05,17.00,1,78.00,0.63,5.50,-22000,17.60,6,28.50,31.00
2024-09-04,16.40,0,75.00,0.59,4.90,-24000,17.00,0,27.80,27.50
2024-09-03,17.30,0,79.50,0.66,5.80,-21000,17.90,1,28.80,28.40
2024-09-02,16.00,2,73.50,0.56,4.70,-25000,16.50,2,27.20,33.50
2024-08-30,16.80,0,77.00,0.61,5.20,-22500,17.30,3,28.20,27.70
2024-08-29,17.10,0,78.50,0.64,5.60,-21500,17.70,6,28.60,28.10
2024-08-28,16.50,1,75.50,0.59,4.80,-23500,17.00,0,27.90,30.80
2024-08-27,17.40,0,79.00,0.67,5.90,-20000,18.00,1,29.00,28.50
2024-08-26,16.20,0,74.50,0.58,4.90,-24500,16.80,2,27.40,27.20
2024-08-23,16.60,0,76.50,0.60,5.10,-23000,17.20,3,28.10,27.90
2024-08-22,17.00,1,78.00,0.63,5.50,-22000,17.60,6,28.50,31.00
2024-08-21,16.40,0,75.00,0.59,4.90,-24000,17.00,0,27.80,27.50
2024-08-20,17.30,0,79.50,0.66,5.80,-21000,17.90,1,28.80,28.40
2024-08-19,16.00,2,73.50,0.56,4.70,-25000,16.50,2,27.20,33.50
2024-08-16,16.80,0,77.00,0.61,5.20,-22500,17.30,3,28.20,27.70
2024-08-14,17.10,0,78.50,0.64,5.60,-21500,17.70,6,28.60,28.10
2024-08-13,16.50,1,75.50,0.59,4.80,-23500,17.00,0,27.90,30.80
2024-08-12,17.40,0,79.00,0.67,5.90,-20000,18.00,1,29.00,28.50
2024-08-09,16.20,0,74.50,0.58,4.90,-24500,16.80,2,27.40,27.20
2024-08-08,16.60,0,76.50,0.60,5.10,-23000,17.20,3,28.10,27.90
2024-08-07,17.00,1,78.00,0.63,5.50,-22000,17.60,6,28.50,31.00
2024-08-06,16.40,0,75.00,0.59,4.90,-24000,17.00,0,27.80,27.50
2024-08-05,17.30,0,79.50,0.66,5.80,-21000,17.90,1,28.80,28.40
2024-08-02,16.00,2,73.50,0.56,4.70,-25000,16.50,2,27.20,33.50
2024-08-01,16.80,0,77.00,0.61,5.20,-22500,17.30,3,28.20,27.70
2024-07-31,17.10,0,78.50,0.64,5.60,-21500,17.70,6,28.60,28.10
2024-07-30,16.50,1,75.50,0.59,4.80,-23500,17.00,0,27.90,30.80
2024-07-29,17.40,0,79.00,0.67,5.90,-20000,18.00,1,29.00,28.50
2024-07-26,16.20,0,74.50,0.58,4.90,-24500,16.80,2,27.40,27.20
2024-07-25,16.60,0,76.50,0.60,5.10,-23000,17.20,3,28.10,27.90
2024-07-24,17.00,1,78.00,0.63,5.50,-22000,17.60,6,28.50,31.00
2024-07-23,16.40,0,75.00,0.59,4.90,-24000,17.00,0,27.80,27.50
2024-07-22,17.30,0,79.50,0.66,5.80,-21000,17.90,1,28.80,28.40
2024-07-19,16.00,2,73.50,0.56,4.70,-25000,16.50,2,27.20,33.50
2024-07-18,16.80,0,77.00,0.61,5.20,-22500,17.30,3,28.20,27.70
2024-07-17,17.10,0,78.50,0.64,5.60,-21500,17.70,6,28.60,28.10
2024-07-16,16.50,1,75.50,0.59,4.80,-23500,17.00,0,27.90,30.80
2024-07-15,17.40,0,79.00,0.67,5.90,-20000,18.00,1,29.00,28.50
2024-07-12,16.20,0,74.50,0.58,4.90,-24500,16.80,2,27.40,27.20
2024-07-11,16.60,0,76.50,0.60,5.10,-23000,17.20,3,28.10,27.90
2024-07-10,17.00,1,78.00,0.63,5.50,-22000,17.60,6,28.50,31.00
2024-07-09,16.40,0,75.00,0.59,4.90,-24000,17.00,0,27.80,27.50
2024-07-08,17.30,0,79.50,0.66,5.80,-21000,17.90,1,28.80,28.40
2024-07-05,16.00,2,73.50,0.56,4.70,-25000,16.50,2,27.20,33.50
2024-07-04,16.80,0,77.00,0.61,5.20,-22500,17.30,3,28.20,27.70
2024-07-03,17.10,0,78.50,0.64,5.60,-21500,17.70,6,28.60,28.10
2024-07-02,16.50,1,75.50,0.59,4.80,-23500,17.00,0,27.90,30.80
2024-07-01,17.40,0,79.00,0.67,5.90,-20000,18.00,1,29.00,28.50
2024-06-28,16.20,0,74.50,0.58,4.90,-24500,16.80,2,27.40,27.20
2024-06-27,16.60,0,76.50,0.60,5.10,-23000,17.20,3,28.10,27.90
2024-06-26,17.00,1,78.00,0.63,5.50,-22000,17.60,6,28.50,31.00
2024-06-25,16.40,0,75.00,0.59,4.90,-24000,17.00,0,27.80,27.50
2024-06-24,17.30,0,79.50,0.66,5.80,-21000,17.90,1,28.80,28.40
2024-06-21,16.00,2,73.50,0.56,4.70,-25000,16.50,2,27.20,33.50
2024-06-20,16.80,0,77.00,0.61,5.20,-22500,17.30,3,28.20,27.70
2024-06-19,17.10,0,78.50,0.64,5.60,-21500,17.70,6,28.60,28.10
2024-06-18,16.50,1,75.50,0.59,4.80,-23500,17.00,0,27.90,30.80
2024-06-17,17.40,0,79.00,0.67,5.90,-20000,18.00,1,29.00,28.50
2024-06-14,16.20,0,74.50,0.58,4.90,-24500,16.80,2,27.40,27.20
2024-06-13,16.60,0,76.50,0.60,5.10,-23000,17.20,3,28.10,27.90
2024-06-12,17.00,1,78.00,0.63,5.50,-22000,17.60,6,28.50,31.00
2024-06-11,16.40,0,75.00,0.59,4.90,-24000,17.00,0,27.80,27.50
2024-06-10,17.30,0,79.50,0.66,5.80,-21000,17.90,1,28.80,28.40
2024-06-07,16.00,2,73.50,0.56,4.70,-25000,16.50,2,27.20,33.50
2024-06-06,16.80,0,77.00,0.61,5.20,-22500,17.30,3,28.20,27.70
2024-06-05,17.10,0,78.50,0.64,5.60,-21500,17.70,6,28.60,28.10
2024-06-04,16.50,1,75.50,0.59,4.80,-23500,17.00,0,27.90,30.80
2024-06-03,17.40,0,79.00,0.67,5.90,-20000,18.00,1,29.00,28.50
2024-05-31,16.20,0,74.50,0.58,4.90,-24500,16.80,2,27.40,27.20
2024-05-30,16.60,0,76.50,0.60,5.10,-23000,17.20,3,28.10,27.90
2024-05-29,17.00,1,78.00,0.63,5.50,-22000,17.60,6,28.50,31.00
2024-05-28,16.40,0,75.00,0.59,4.90,-24000,17.00,0,27.80,27.50
2024-05-27,17.30,0,79.50,0.66,5.80,-21000,17.90,1,28.80,28.40
2024-05-24,16.00,2,73.50,0.56,4.70,-25000,16.50,2,27.20,33.50
2024-05-23,16.80,0,77.00,0.61,5.20,-22500,17.30,3,28.20,27.70
2024-05-22,17.10,0,78.50,0.64,5.60,-21500,17.70,6,28.60,28.10
2024-05-21,16.50,1,75.50,0.59,4.80,-23500,17.00,0,27.90,30.80
2024-05-20,17.40,0,79.00,0.67,5.90,-20000,18.00,1,29.00,28.50
2024-05-17,16.20,0,74.50,0.58,4.90,-24500,16.80,2,27.40,27.20
2024-05-16,16.60,0,76.50,0.60,5.10,-23000,17.20,3,28.10,27.90
2024-05-15,17.00,1,78.00,0.63,5.50,-22000,17.60,6,28.50,31.00
2024-05-14,16.40,0,75.00,0.59,4.90,-24000,17.00,0,27.80,27.50
2024-05-13,17.30,0,79.50,0.66,5.80,-21000,17.90,1,28.80,28.40
2024-05-10,16.00,2,73.50,0.56,4.70,-25000,16.50,2,27.20,33.50
2024-05-09,16.80,0,77.00,0.61,5.20,-22500,17.30,3,28.20,27.70
2024-05-08,17.10,0,78.50,0.64,5.60,-21500,17.70,6,28.60,28.10
2024-05-07,16.50,1,75.50,0.59,4.80,-23500,17.00,0,27.90,30.80
2024-05-06,17.40,0,79.00,0.67,5.90,-20000,18.00,1,29.00,28.50
2024-05-03,16.20,0,74.50,0.58,4.90,-24500,16.80,2,27.40,27.20
2024-05-02,16.60,0,76.50,0.60,5.10,-23000,17.20,3,28.10,27.90
2024-04-30,17.00,1,78.00,0.63,5.50,-22000,17.60,6,28.50,31.00
2024-04-29,16.40,0,75.00,0.59,4.90,-24000,17.00,0,27.80,27.50
2024-04-26,17.30,0,79.50,0.66,5.80,-21000,17.90,1,28.80,28.40
2024-04-25,16.00,2,73.50,0.56,4.70,-25000,16.50,2,27.20,33.50
2024-04-24,16.80,0,77.00,0.61,5.20,-22500,17.30,3,28.20,27.70
2024-04-23,17.10,0,78.50,0.64,5.60,-21500,17.70,6,28.60,28.10
2024-04-22,16.50,1,75.50,0.59,4.80,-23500,17.00,0,27.90,30.80
2024-04-19,17.40,0,79.00,0.67,5.90,-20000,18.00,1,29.00,28.50
2024-04-18,16.20,0,74.50,0.58,4.90,-24500,16.80,2,27.40,27.20
2024-04-17,16.60,0,76.50,0.60,5.10,-23000,17.20,3,28.10,27.90
2024-04-16,17.00,1,78.00,0.63,5.50,-22000,17.60,6,28.50,31.00
2024-04-15,16.40,0,75.00,0.59,4.90,-24000,17.00,0,27.80,27.50
2024-04-12,17.30,0,79.50,0.66,5.80,-21000,17.90,1,28.80,28.40
2024-04-11,16.00,2,73.50,0.56,4.70,-25000,16.50,2,27.20,33.50
2024-04-10,16.80,0,77.00,0.61,5.20,-22500,17.30,3,28.20,27.70
2024-04-09,17.10,0,78.50,0.64,5.60,-21500,17.70,6,28.60,28.10
2024-04-08,16.50,1,75.50,0.59,4.80,-23500,17.00,0,27.90,30.80
2024-04-05,17.40,0,79.00,0.67,5.90,-20000,18.00,1,29.00,28.50
2024-04-04,16.20,0,74.50,0.58,4.90,-24500,16.80,2,27.40,27.20
2024-04-03,16.60,0,76.50,0.60,5.10,-23000,17.20,3,28.10,27.90
2024-04-02,17.00,1,78.00,0.63,5.50,-22000,17.60,6,28.50,31.00
2024-04-01,16.40,0,75.00,0.59,4.90,-24000,17.00,0,27.80,27.50
2024-03-28,17.30,0,79.50,0.66,5.80,-21000,17.90,1,28.80,28.40
2024-03-27,16.00,2,73.50,0.56,4.70,-25000,16.50,2,27.20,33.50
2024-03-26,16.80,0,77.00,0.61,5.20,-22500,17.30,3,28.20,27.70
2024-03-22,17.10,0,78.50,0.64,5.60,-21500,17.70,6,28.60,28.10
2024-03-21,16.50,1,75.50,0.59,4.80,-23500,17.00,0,27.90,30.80
2024-03-20,17.40,0,79.00,0.67,5.90,-20000,18.00,1,29.00,28.50
2024-03-19,16.20,0,74.50,0.58,4.90,-24500,16.80,2,27.40,27.20
2024-03-18,16.60,0,76.50,0.60,5.10,-23000,17.20,3,28.10,27.90
2024-03-15,17.00,1,78.00,0.63,5.50,-22000,17.60,6,28.50,31.00
2024-03-14,16.40,0,75.00,0.59,4.90,-24000,17.00,0,27.80,27.50
2024-03-13,17.30,0,79.50,0.66,5.80,-21000,17.90,1,28.80,28.40
2024-03-12,16.00,2,73.50,0.56,4.70,-25000,16.50,2,27.20,33.50
2024-03-11,16.80,0,77.00,0.61,5.20,-22500,17.30,3,28.20,27.70
2024-03-08,17.10,0,78.50,0.64,5.60,-21500,17.70,6,28.60,28.10
2024-03-07,16.50,1,75.50,0.59,4.80,-23500,17.00,0,27.90,30.80
2024-03-06,17.40,0,79.00,0.67,5.90,-20000,18.00,1,29.00,28.50
2024-03-05,16.20,0,74.50,0.58,4.90,-24500,16.80,2,27.40,27.20
2024-03-04,16.60,0,76.50,0.60,5.10,-23000,17.20,3,28.10,27.90
2024-03-01,17.00,1,78.00,0.63,5.50,-22000,17.60,6,28.50,31.00
2024-02-29,16.40,0,75.00,0.59,4.90,-24000,17.00,0,27.80,27.50
2024-02-28,17.30,0,79.50,0.66,5.80,-21000,17.90,1,28.80,28.40
2024-02-27,16.00,2,73.50,0.56,4.70,-25000,16.50,2,27.20,33.50
2024-02-26,16.80,0,77.00,0.61,5.20,-22500,17.30,3,28.20,27.70
2024-02-23,17.10,0,78.50,0.64,5.60,-21500,17.70,6,28.60,28.10
2024-02-22,16.50,1,75.50,0.59,4.80,-23500,17.00,0,27.90,30.80
2024-02-21,17.40,0,79.00,0.67,5.90,-20000,18.00,1,29.00,28.50
2024-02-20,16.20,0,74.50,0.58,4.90,-24500,16.80,2,27.40,27.20
2024-02-19,16.60,0,76.50,0.60,5.10,-23000,17.20,3,28.10,27.90
2024-02-16,17.00,1,78.00,0.63,5.50,-22000,17.60,6,28.50,31.00
2024-02-15,16.40,0,75.00,0.59,4.90,-24000,17.00,0,27.80,27.50
2024-02-14,17.30,0,79.50,0.66,5.80,-21000,17.90,1,28.80,28.40
2024-02-13,16.00,2,73.50,0.56,4.70,-25000,16.50,2,27.20,33.50
2024-02-12,16.80,0,77.00,0.61,5.20,-22500,17.30,3,28.20,27.70
2024-02-09,17.10,0,78.50,0.64,5.60,-21500,17.70,6,28.60,28.10
2024-02-08,16.50,1,75.50,0.59,4.80,-23500,17.00,0,27.90,30.80
2024-02-07,17.40,0,79.00,0.67,5.90,-20000,18.00,1,29.00,28.50
2024-02-06,16.20,0,74.50,0.58,4.90,-24500,16.80,2,27.40,27.20
2024-02-05,16.60,0,76.50,0.60,5.10,-23000,17.20,3,28.10,27.90
2024-02-02,17.00,1,78.00,0.63,5.50,-22000,17.60,6,28.50,31.00
2024-02-01,16.40,0,75.00,0.59,4.90,-24000,17.00,0,27.80,27.50
2024-01-31,17.30,0,79.50,0.66,5.80,-21000,17.90,1,28.80,28.40
2024-01-30,16.00,2,73.50,0.56,4.70,-25000,16.50,2,27.20,33.50
2024-01-29,16.80,0,77.00,0.61,5.20,-22500,17.30,3,28.20,27.70
2024-01-25,17.10,0,78.50,0.64,5.60,-21500,17.70,6,28.60,28.10
2024-01-24,16.50,1,75.50,0.59,4.80,-23500,17.00,0,27.90,30.80
2024-01-23,17.40,0,79.00,0.67,5.90,-20000,18.00,1,29.00,28.50
2024-01-22,16.20,0,74.50,0.58,4.90,-24500,16.80,2,27.40,27.20
2024-01-19,16.60,0,76.50,0.60,5.10,-23000,17.20,3,28.10,27.90
2024-01-18,17.00,1,78.00,0.63,5.50,-22000,17.60,6,28.50,31.00
2024-01-17,16.40,0,75.00,0.59,4.90,-24000,17.00,0,27.80,27.50
2024-01-16,17.30,0,79.50,0.66,5.80,-21000,17.90,1,28.80,28.40
2024-01-15,16.00,2,73.50,0.56,4.70,-25000,16.50,2,27.20,33.50
2024-01-12,16.80,0,77.00,0.61,5.20,-22500,17.30,3,28.20,27.70
2024-01-11,17.10,0,78.50,0.64,5.60,-21500,17.70,6,28.60,28.10
2024-01-10,16.50,1,75.50,0.59,4.80,-23500,17.00,0,27.90,30.80
2024-01-09,17.40,0,79.00,0.67,5.90,-20000,18.00,1,29.00,28.50
2024-01-08,16.20,0,74.50,0.58,4.90,-24500,16.80,2,27.40,27.20
2024-01-05,16.60,0,76.50,0.60,5.10,-23000,17.20,3,28.10,27.90
2024-01-04,17.00,1,78.00,0.63,5.50,-22000,17.60,6,28.50,31.00
2024-01-03,16.40,0,75.00,0.59,4.90,-24000,17.00,0,27.80,27.50
2024-01-02,17.30,0,79.50,0.66,5.80,-21000,17.90,1,28.80,28.40
2024-01-01,16.00,2,73.50,0.56,4.70,-25000,16.50,2,27.20,33.50
2023-12-29,16.80,0,77.00,0.61,5.20,-22500,17.30,3,28.20,27.70
2023-12-28,17.10,0,78.50,0.64,5.60,-21500,17.70,6,28.60,28.10
2023-12-27,16.50,1,75.50,0.59,4.80,-23500,17.00,0,27.90,30.80
2023-12-26,17.40,0,79.00,0.67,5.90,-20000,18.00,1,29.00,28.50
2023-12-25,16.20,0,74.50,0.58,4.90,-24500,16.80,2,27.40,27.20
2023-12-22,16.60,0,76.50,0.60,5.10,-23000,17.20,3,28.10,27.90
2023-12-21,17.00,1,78.00,0.63,5.50,-22000,17.60,6,28.50,31.00
2023-12-20,16.40,0,75.00,0.59,4.90,-24000,17.00,0,27.80,27.50
2023-12-19,17.30,0,79.50,0.66,5.80,-21000,17.90,1,28.80,28.40
2023-12-18,16.00,2,73.50,0.56,4.70,-25000,16.50,2,27.20,33.50
2023-12-15,16.80,0,77.00,0.61,5.20,-22500,17.30,3,28.20,27.70
2023-12-14,17.10,0,78.50,0.64,5.60,-21500,17.70,6,28.60,28.10
2023-12-13,16.50,1,75.50,0.59,4.80,-23500,17.00,0,27.90,30.80
2023-12-12,17.40,0,79.00,0.67,5.90,-20000,18.00,1,29.00,28.50
2023-12-11,16.20,0,74.50,0.58,4.90,-24500,16.80,2,27.40,27.20
2023-12-08,16.60,0,76.50,0.60,5.10,-23000,17.20,3,28.10,27.90
2023-12-07,17.00,1,78.00,0.63,5.50,-22000,17.60,6,28.50,31.00
2023-12-06,16.40,0,75.00,0.59,4.90,-24000,17.00,0,27.80,27.50
2023-12-05,17.30,0,79.50,0.66,5.80,-21000,17.90,1,28.80,28.40
2023-12-04,16.00,2,73.50,0.56,4.70,-25000,16.50,2,27.20,33.50
2023-12-01,16.80,0,77.00,0.61,5.20,-22500,17.30,3,28.20,27.70
2023-11-30,17.10,0,78.50,0.64,5.60,-21500,17.70,6,28.60,28.10
2023-11-29,16.50,1,75.50,0.59,4.80,-23500,17.00,0,27.90,30.80
2023-11-28,17.40,0,79.00,0.67,5.90,-20000,18.00,1,29.00,28.50
2023-11-27,16.20,0,74.50,0.58,4.90,-24500,16.80,2,27.40,27.20
2023-11-24,16.60,0,76.50,0.60,5.10,-23000,17.20,3,28.10,27.90
2023-11-23,17.00,1,78.00,0.63,5.50,-22000,17.60,6,28.50,31.00
2023-11-22,16.40,0,75.00,0.59,4.90,-24000,17.00,0,27.80,27.50
2023-11-21,17.30,0,79.50,0.66,5.80,-21000,17.90,1,28.80,28.40
2023-11-20,16.00,2,73.50,0.56,4.70,-25000,16.50,2,27.20,33.50
2023-11-17,16.80,0,77.00,0.61,5.20,-22500,17.30,3,28.20,27.70
2023-11-16,17.10,0,78.50,0.64,5.60,-21500,17.70,6,28.60,28.10
2023-11-15,16.50,1,75.50,0.59,4.80,-23500,17.00,0,27.90,30.80
2023-11-14,17.40,0,79.00,0.67,5.90,-20000,18.00,1,29.00,28.50
2023-11-13,16.20,0,74.50,0.58,4.90,-24500,16.80,2,27.40,27.20
2023-11-10,16.60,0,76.50,0.60,5.10,-23000,17.20,3,28.10,27.90
2023-11-09,17.00,1,78.00,0.63,5.50,-22000,17.60,6,28.50,31.00
2023-11-08,16.40,0,75.00,0.59,4.90,-24000,17.00,0,27.80,27.50
2023-11-07,17.30,0,79.50,0.66,5.80,-21000,17.90,1,28.80,28.40
2023-11-06,16.00,2,73.50,0.56,4.70,-25000,16.50,2,27.20,33.50
2023-11-03,16.80,0,77.00,0.61,5.20,-22500,17.30,3,28.20,27.70
2023-11-02,17.10,0,78.50,0.64,5.60,-21500,17.70,6,28.60,28.10
2023-11-01,16.50,1,75.50,0.59,4.80,-23500,17.00,0,27.90,30.80
2023-10-31,17.40,0,79.00,0.67,5.90,-20000,18.00,1,29.00,28.50
2023-10-30,16.20,0,74.50,0.58,4.90,-24500,16.80,2,27.40,27.20
2023-10-27,16.60,0,76.50,0.60,5.10,-23000,17.20,3,28.10,27.90
2023-10-26,17.00,1,78.00,0.63,5.50,-22000,17.60,6,28.50,31.00
2023-10-25,16.40,0,75.00,0.59,4.90,-24000,17.00,0,27.80,27.50
2023-10-24,17.30,0,79.50,0.66,5.80,-21000,17.90,1,28.80,28.40
2023-10-23,16.00,2,73.50,0.56,4.70,-25000,16.50,2,27.20,33.50
2023-10-20,16.80,0,77.00,0.61,5.20,-22500,17.30,3,28.20,27.70
2023-10-19,17.10,0,78.50,0.64,5.60,-21500,17.70,6,28.60,28.10
2023-10-18,16.50,1,75.50,0.59,4.80,-23500,17.00,0,27.90,30.80
2023-10-17,17.40,0,79.00,0.67,5.90,-20000,18.00,1,29.00,28.50
2023-10-16,16.20,0,74.50,0.58,4.90,-24500,16.80,2,27.40,27.20
2023-10-13,16.60,0,76.50,0.60,5.10,-23000,17.20,3,28.10,27.90
2023-10-12,17.00,1,78.00,0.63,5.50,-22000,17.60,6,28.50,31.00
2023-10-11,16.40,0,75.00,0.59,4.90,-24000,17.00,0,27.80,27.50
2023-10-10,17.30,0,79.50,0.66,5.80,-21000,17.90,1,28.80,28.40
2023-10-09,16.00,2,73.50,0.56,4.70,-25000,16.50,2,27.20,33.50
2023-10-06,16.80,0,77.00,0.61,5.20,-22500,17.30,3,28.20,27.70
2023-10-05,17.10,0,78.50,0.64,5.60,-21500,17.70,6,28.60,28.10
2023-10-04,16.50,1,75.50,0.59,4.80,-23500,17.00,0,27.90,30.80
2023-10-03,17.40,0,79.00,0.67,5.90,-20000,18.00,1,29.00,28.50
2023-10-02,16.20,0,74.50,0.58,4.90,-24500,16.80,2,27.40,27.20
2023-09-29,16.60,0,76.50,0.60,5.10,-23000,17.20,3,28.10,27.90
2023-09-28,17.00,1,78.00,0.63,5.50,-22000,17.60,6,28.50,31.00
2023-09-27,16.40,0,75.00,0.59,4.90,-24000,17.00,0,27.80,27.50
2023-09-26,17.30,0,79.50,0.66,5.80,-21000,17.90,1,28.80,28.40
2023-09-25,16.00,2,73.50,0.56,4.70,-25000,16.50,2,27.20,33.50
2023-09-22,16.80,0,77.00,0.61,5.20,-22500,17.30,3,28.20,27.70
2023-09-21,17.10,0,78.50,0.64,5.60,-21500,17.70,6,28.60,28.10
2023-09-20,16.50,1,75.50,0.59,4.80,-23500,17.00,0,27.90,30.80
2023-09-19,17.40,0,79.00,0.67,5.90,-20000,18.00,1,29.00,28.50
2023-09-18,16.20,0,74.50,0.58,4.90,-24500,16.80,2,27.40,27.20
2023-09-15,16.60,0,76.50,0.60,5.10,-23000,17.20,3,28.10,27.90
2023-09-14,17.00,1,78.00,0.63,5.50,-22000,17.60,6,28.50,31.00
2023-09-13,16.40,0,75.00,0.59,4.90,-24000,17.00,0,27.80,27.50
2023-09-12,17.30,0,79.50,0.66,5.80,-21000,17.90,1,28.80,28.40
2023-09-11,16.00,2,73.50,0.56,4.70,-25000,16.50,2,27.20,33.50
2023-09-08,16.80,0,77.00,0.61,5.20,-22500,17.30,3,28.20,27.70
2023-09-07,17.10,0,78.50,0.64,5.60,-21500,17.70,6,28.60,28.10
2023-09-06,16.50,1,75.50,0.59,4.80,-23500,17.00,0,27.90,30.80
2023-09-05,17.40,0,79.00,0.67,5.90,-20000,18.00,1,29.00,28.50
2023-09-04,16.20,0,74.50,0.58,4.90,-24500,16.80,2,27.40,27.20
2023-09-01,16.60,0,76.50,0.60,5.10,-23000,17.20,3,28.10,27.90
2023-08-31,17.00,1,78.00,0.63,5.50,-22000,17.60,6,28.50,31.00
2023-08-30,16.40,0,75.00,0.59,4.90,-24000,17.00,0,27.80,27.50
2023-08-29,17.30,0,79.50,0.66,5.80,-21000,17.90,1,28.80,28.40
2023-08-28,16.00,2,73.50,0.56,4.70,-25000,16.50,2,27.20,33.50
2023-08-25,16.80,0,77.00,0.61,5.20,-22500,17.30,3,28.20,27.70
2023-08-24,17.10,0,78.50,0.64,5.60,-21500,17.70,6,28.60,28.10
2023-08-23,16.50,1,75.50,0.59,4.80,-23500,17.00,0,27.90,30.80
2023-08-22,17.40,0,79.00,0.67,5.90,-20000,18.00,1,29.00,28.50
2023-08-21,16.20,0,74.50,0.58,4.90,-24500,16.80,2,27.40,27.20
2023-08-18,16.60,0,76.50,0.60,5.10,-23000,17.20,3,28.10,27.90
2023-08-17,17.00,1,78.00,0.63,5.50,-22000,17.60,6,28.50,31.00
2023-08-16,16.40,0,75.00,0.59,4.90,-24000,17.00,0,27.80,27.50
2023-08-14,17.30,0,79.50,0.66,5.80,-21000,17.90,1,28.80,28.40
2023-08-11,16.00,2,73.50,0.56,4.70,-25000,16.50,2,27.20,33.50
2023-08-10,16.80,0,77.00,0.61,5.20,-22500,17.30,3,28.20,27.70
2023-08-09,17.10,0,78.50,0.64,5.60,-21500,17.70,6,28.60,28.10
2023-08-08,16.50,1,75.50,0.59,4.80,-23500,17.00,0,27.90,30.80
2023-08-07,17.40,0,79.00,0.67,5.90,-20000,18.00,1,29.00,28.50
2023-08-04,16.20,0,74.50,0.58,4.90,-24500,16.80,2,27.40,27.20
2023-08-03,16.60,0,76.50,0.60,5.10,-23000,17.20,3,28.10,27.90
2023-08-02,17.00,1,78.00,0.63,5.50,-22000,17.60,6,28.50,31.00
2023-08-01,16.40,0,75.00,0.59,4.90,-24000,17.00,0,27.80,27.50
2023-07-31,17.30,0,79.50,0.66,5.80,-21000,17.90,1,28.80,28.40
2023-07-28,16.00,2,73.50,0.56,4.70,-25000,16.50,2,27.20,33.50
2023-07-27,16.80,0,77.00,0.61,5.20,-22500,17.30,3,28.20,27.70
2023-07-26,17.10,0,78.50,0.64,5.60,-21500,17.70,6,28.60,28.10
2023-07-25,16.50,1,75.50,0.59,4.80,-23500,17.00,0,27.90,30.80
2023-07-24,17.40,0,79.00,0.67,5.90,-20000,18.00,1,29.00,28.50
2023-07-21,16.20,0,74.50,0.58,4.90,-24500,16.80,2,27.40,27.20
2023-07-20,16.60,0,76.50,0.60,5.10,-23000,17.20,3,28.10,27.90
2023-07-19,17.00,1,78.00,0.63,5.50,-22000,17.60,6,28.50,31.00
2023-07-18,16.40,0,75.00,0.59,4.90,-24000,17.00,0,27.80,27.50
2023-07-17,17.30,0,79.50,0.66,5.80,-21000,17.90,1,28.80,28.40
2023-07-14,16.00,2,73.50,0.56,4.70,-25000,16.50,2,27.20,33.50
2023-07-13,16.80,0,77.00,0.61,5.20,-22500,17.30,3,28.20,27.70
2023-07-12,17.10,0,78.50,0.64,5.60,-21500,17.70,6,28.60,28.10
2023-07-11,16.50,1,75.50,0.59,4.80,-23500,17.00,0,27.90,30.80
2023-07-10,17.40,0,79.00,0.67,5.90,-20000,18.00,1,29.00,28.50
2023-07-07,16.20,0,74.50,0.58,4.90,-24500,16.80,2,27.40,27.20
2023-07-06,16.60,0,76.50,0.60,5.10,-23000,17.20,3,28.10,27.90
2023-07-05,17.00,1,78.00,0.63,5.50,-22000,17.60,6,28.50,31.00
2023-07-04,16.40,0,75.00,0.59,4.90,-24000,17.00,0,27.80,27.50
2023-07-03,17.30,0,79.50,0.66,5.80,-21000,17.90,1,28.80,28.40
2023-06-30,16.00,2,73.50,0.56,4.70,-25000,16.50,2,27.20,33.50
2023-06-29,16.80,0,77.00,0.61,5.20,-22500,17.30,3,28.20,27.70
2023-06-28,17.10,0,78.50,0.64,5.60,-21500,17.70,6,28.60,28.10
2023-06-27,16.50,1,75.50,0.59,4.80,-23500,17.00,0,27.90,30.80
2023-06-26,17.40,0,79.00,0.67,5.90,-20000,18.00,1,29.00,28.50
2023-06-23,16.20,0,74.50,0.58,4.90,-24500,16.80,2,27.40,27.20
2023-06-22,16.60,0,76.50,0.60,5.10,-23000,17.20,3,28.10,27.90
2023-06-21,17.00,1,78.00,0.63,5.50,-22000,17.60,6,28.50,31.00
2023-06-20,16.40,0,75.00,0.59,4.90,-24000,17.00,0,27.80,27.50
2023-06-19,17.30,0,79.50,0.66,5.80,-21000,17.90,1,28.80,28.40
2023-06-16,16.00,2,73.50,0.56,4.70,-25000,16.50,2,27.20,33.50
2023-06-15,16.80,0,77.00,0.61,5.20,-22500,17.30,3,28.20,27.70
2023-06-14,17.10,0,78.50,0.64,5.60,-21500,17.70,6,28.60,28.10
2023-06-13,16.50,1,75.50,0.59,4.80,-23500,17.00,0,27.90,30.80
2023-06-12,17.40,0,79.00,0.67,5.90,-20000,18.00,1,29.00,28.50
2023-06-09,16.20,0,74.50,0.58,4.90,-24500,16.80,2,27.40,27.20
2023-06-08,16.60,0,76.50,0.60,5.10,-23000,17.20,3,28.10,27.90
2023-06-07,17.00,1,78.00,0.63,5.50,-22000,17.60,6,28.50,31.00
2023-06-06,16.40,0,75.00,0.59,4.90,-24000,17.00,0,27.80,27.50
2023-06-05,17.30,0,79.50,0.66,5.80,-21000,17.90,1,28.80,28.40
2023-06-02,16.00,2,73.50,0.56,4.70,-25000,16.50,2,27.20,33.50
2023-06-01,16.80,0,77.00,0.61,5.20,-22500,17.30,3,28.20,27.70
2023-05-31,17.10,0,78.50,0.64,5.60,-21500,17.70,6,28.60,28.10
2023-05-30,16.50,1,75.50,0.59,4.80,-23500,17.00,0,27.90,30.80
2023-05-29,17.40,0,79.00,0.67,5.90,-20000,18.00,1,29.00,28.50
2023-05-26,16.20,0,74.50,0.58,4.90,-24500,16.80,2,27.40,27.20
2023-05-25,16.60,0,76.50,0.60,5.10,-23000,17.20,3,28.10,27.90
2023-05-24,17.00,1,78.00,0.63,5.50,-22000,17.60,6,28.50,31.00
